zip,name,city,state,latitude,longitude,region,county,ugc_codes,cwa
99676,Talkeetna Ranger Station (NPS),Talkeetna,AK,62.3224443,-150.1171117,Alaska,,,
35976,Lake Guntersville State Park Office,Guntersville,AL,34.4007379,-86.2072741,Southeast,Marshall County,,
71913,Lake Catherine State Park Office,Hot Springs,AR,34.4379216,-92.9179984,South Central,,,
85355,Whte Tank Nature Center,Waddell,AZ,33.5668533,-112.4978694,Southwest,,,
91006,Angeles National Forest Service Center,Arcadia,CA,34.1472289,-118.0350672,West,,,
81302,San Juan Public Lands Center,Durango,CO,37.2731362,-107.8932344,Mountain,,,
06376,Ranger Station,East Lyme,CT,41.3133755,-72.2436266,Northeast,Southeastern Connecticut Planning Region,,
33624,Ranger Station,Carrollwood,FL,28.0704309,-82.5253528,Southeast,Hillsborough County,,
30553,Tugaloo State Park Ranger Office,Lavonia,GA,34.4975919,-83.0770712,Southeast,,,
52214,Ranger Station,Waubeek,IA,42.1891897,-91.4573286,Midwest,Linn County,,
83327,Fairfield Ranger Station,Fairfield,ID,43.3426054,-114.7895906,Mountain,,,
62471,Carlyle Lake Wildlife Management Area,Vandalia,IL,38.8429894,-89.1931394,Midwest,,,
46356,Ranger Station,Cedar Creek Township,IN,41.2832554,-87.3771751,Midwest,Lake County,,
66219,Johnson County Park Police,Shawnee,KS,38.9857675,-94.7823518,Midwest,Johnson County,,
70501,Acadiana Park Nature Station Office,Lafayette,LA,30.256014,-91.98872,South Central,Lafayette Parish,,
02740,New Bedford Whaling National Historical Park Visitor Center,New Bedford,MA,41.6358254,-70.9240919,Northeast,,,
21210,Ranger Station,Roland Park,MD,39.3786793,-76.6447406,Mid-Atlantic,,,
04765,Ranger Station,Patten,ME,46.1284898,-68.7192985,Northeast,,,
49738,Grayling Field Office,Grayling,MI,44.7131988,-84.7039082,Midwest,,,
55760,Sandy Lake Forestry Office,McGregor,MN,46.737919,-93.2637363,Midwest,,,
65233,Big Muddy National Fish and Wildlife Refuge Headquarters,Boonville,MO,38.9548858,-92.6113788,Midwest,,,
39120,Visitor Contact Station,Natchez,MS,31.5432168,-91.382755,Southeast,,,
59460,Coal Banks Landing BLM Office,Loma,MT,48.0320787,-110.2357699,Mountain,,,
28906,Tusquitee Ranger District Office,Murphy,NC,35.0794416,-84.0299278,Southeast,,,
58013,Visitor Center,Cayuga,ND,46.0010578,-97.3723889,Midwest,,,
03580,Cannon Mountain Administrative Offices,Franconia,NH,44.17304,-71.6925631,Northeast,,,
08087,Forest Office,Tuckerton,NJ,39.6210794,-74.4225977,Mid-Atlantic,,,
87901,Black Range Ranger Station,Truth or Consequences,NM,33.1481604,-107.2483127,Southwest,,,
89503,Ranger Station,Reno,NV,39.5187902,-119.8465273,West,Washoe County,,
13614,Jacques Cartier State Park,Town of Morristown,NY,44.5589009,-75.6789122,Mid-Atlantic,Saint Lawrence County,,
44094,Ranger Field Office,Willoughby Hills,OH,41.5699926,-81.4377106,Midwest,,,
73507,City of Lawton Lake Lawtonka Headquarters,Lawton,OK,34.7455834,-98.4844334,South Central,,,
97443,"US Forest Station, North Umpqua Ranger Station",Glide,OR,43.2983977,-123.10005,West,,,
16327,Erie National Wildlife Refuge Headquarters/Visitor Center,Guys Mills,PA,41.6267332,-79.9598032,Mid-Atlantic,,,
02840,Budlong Station,Newport,RI,41.450857,-71.3542841,Northeast,Newport County,,
29635,Ranger Station,Caesars Head,SC,35.1058138,-82.6260557,Southeast,Greenville County,,
57783,Northern Hills Ranger Station,Spearfish,SD,44.5046512,-103.8602222,Midwest,,,
37738,Greenbrier Quarters & Ranger Station,Gatlinburg,TN,35.7295691,-83.4061631,Southeast,,,
75020,Eisenhower State Park Headquarters,Denison,TX,33.8103258,-96.5999886,South Central,,,
84532,Moab Ranger District,Moab,UT,38.5746026,-109.549572,Mountain,,,
22952,Ranger Station,Lyndhurst,VA,37.9284409,-78.9830007,Mid-Atlantic,,,
05602,Park Caretaker Residence,Montpelier,VT,44.2716229,-72.5779888,Northeast,Washington County,,
99026,Ranger Station,Nine Mile Falls,WA,47.7764009,-117.5473626,West,,,
54121,"Florence Ranger District, Chequamegon-Nicolet National Forest",Florence,WI,45.9223775,-88.2610297,Midwest,,,
25907,Grandview Visitor Center,Grandview,WV,37.830478,-81.0633321,Mid-Atlantic,Raleigh County,,
82941,Pinedale Ranger Station,Pinedale,WY,42.8672798,-109.8549138,Mountain,,,
99559,Yukon Delta National Refuge Visitor Center & Headquarters,Bethel,AK,60.7891678,-161.7806274,Alaska,,,
36420,Conecuh National Forest Ranger Station,Andalusia,AL,31.2776513,-86.4889984,Southeast,,,
72732,Pea Ridge National Military Park Visitor Center,Garfield,AR,36.4438189,-94.025595,South Central,,,
86023,Grand Canyon Visitor Center (South Rim),Grand Canyon Village,AZ,36.0591195,-112.1093345,Southwest,,,
95321,Groveland Ranger District Office,Groveland,CA,37.8221937,-120.0987449,West,,,
81122,Columbine Ranger District,Bayfield,CO,37.2271039,-107.6007592,Mountain,,,
34114,Collier-Seminole State Park Entrance Station,Naples,FL,25.9916478,-81.5916998,Southeast,,,
39823,Park Office,Blakely,GA,31.4683588,-84.948353,Southeast,,,
52203,Ranger Station,Cou Falls,IA,41.8137072,-91.6798529,Midwest,Johnson County,,
83554,Salmon River Ranger District / Slate Creek Ranger Station,White Bird,ID,45.637769,-116.2817969,Mountain,,,
62441,Park Office,Marshall,IL,39.3470425,-87.703604,Midwest,,,
46304,Indiana Dunes Park Headquarters Complex,Porter,IN,41.6318899,-87.0881582,Midwest,,,
70816,Ranger Station,Baton Rouge,LA,30.4249935,-91.027918,South Central,East Baton Rouge Parish,,
01742,Walden Pond Visitor Center,Concord,MA,42.4403086,-71.3338738,Northeast,,,
21220,Ranger Station,Middle River,MD,39.3617364,-76.3548664,Mid-Atlantic,,,
04679,Seawall Campground,Southwest Harbor,ME,44.2405866,-68.3041487,Northeast,,,
48624,Gladwin Field Office,Gladwin,MI,43.9873163,-84.4866134,Midwest,,,
56761,Hayes lake Park Office,Wannaska,MN,48.6377093,-95.5456484,Midwest,,,
64016,Lake City Shooting Range,Buckner,MO,39.0739889,-94.2447533,Midwest,Jackson County,,
59919,Hungry Horse Ranger Station,Hungry Horse,MT,48.3839354,-114.0541947,Mountain,,,
28711,Craggy Gardens Visitor’s Center;Craggy Gardens,Black Mountain,NC,35.7002784,-82.3796369,Southeast,,,
03290,Pawtuckaway State Park Office,Nottingham,NH,43.0781231,-71.1725888,Northeast,,,
08873,Colonial Park Ranger Station,Franklin Township,NJ,40.5102084,-74.5662904,Mid-Atlantic,Somerset County,,
88347,Forest Service Sacramento Admin Site,Sacramento,NM,32.7932212,-105.5582971,Southwest,,,
89426,Santa Rosa Ranger District,Paradise Valley,NV,41.4891926,-117.5343318,West,,,
12827,Camp Wakpominee Ranger Station,Fort Ann,NY,43.4577841,-73.5810392,Mid-Atlantic,,,
45764,Wayne National Forest Headquarters & Athens Ranger Station,Nelsonville,OH,39.403052,-82.1673667,Midwest,,,
73013,Arcadia Conservation Education Area Education Center,Edmond,OK,35.6248131,-97.3879227,South Central,,,
97041,Parkdale Ranger Station,Mount Hood Parkdale,OR,45.5199941,-121.5912552,West,,,
17814,Park Office,Benton,PA,41.3354463,-76.3015162,Mid-Atlantic,,,
29690,Camp Ranger,Travelers Rest,SC,35.1272057,-82.3796812,Southeast,,,
57730,Custer State Park Visitor Center,Custer,SD,43.7617312,-103.3681379,Midwest,,,
37062,Bowie Park Nature Center / Office,Fairview,TN,35.969403,-87.1361044,Southeast,Williamson County,,
78133,Comal Park Ranger Station,Canyon Lake,TX,29.862583,-98.2523082,South Central,Comal County,,
84734,BLM Henry Mountain Field Station,Hanksville,UT,38.3666772,-110.7171819,Mountain,,,
23322,Ranger Station,Chesapeake,VA,36.584543,-76.1524308,Mid-Atlantic,,,
05488,Missisquoi National Wildlife Refuge Visitor Center,Swanton,VT,44.9664329,-73.198917,Northeast,,,
98376,Hood Canal Ranger District - Quilcene Office,Quilcene,WA,47.8214796,-122.8832236,West,,,
53018,Ranger Station,Delafield,WI,43.0420844,-88.4030758,Midwest,,,
25977,New River Gorge Visitor Center,Meadow Creek,WV,37.7832208,-80.8978379,Mid-Atlantic,Summers County,,
35553,Bankhead District Ranger Station,Double Springs,AL,34.1715493,-87.400965,Southeast,,,
72802,Arkansas River Visitor Center,Russellville,AR,35.2527409,-93.1668124,South Central,,,
85643,Klondyke Ranger Station,Willcox,AZ,32.8371041,-110.3328185,Southwest,,,
95726,Gatehouse,Pollock Pines,CA,38.7252643,-120.5690546,West,,,
81323,Dolores Ranger District / Tres Rios BLM Field Office,Dolores,CO,37.4613238,-108.5171894,Mountain,,,
32446,Ranger Station,Marianna,FL,30.8086664,-85.2132849,Southeast,Jackson County,,
30471,Park Office,Twin City,GA,32.5447957,-82.1254457,Southeast,,,
83525,Red River Ranger District,Elk City,ID,45.8300251,-115.4337706,Mountain,,,
62441,Lincoln Trail State Park,Marshall,IL,39.3466742,-87.7035185,Midwest,,,
46304,Gate House,Dune Acres,IN,41.6451293,-87.0866122,Midwest,Porter County,,
01862,Pay Station,Billerica,MA,42.5852392,-71.2990299,Northeast,Middlesex County,,
21811,Assateague State Park Ranger Station,Berlin,MD,38.2083281,-75.1528492,Mid-Atlantic,,,
04609,Acadia National Park Ranger Station,Bar Harbor,ME,44.3101751,-68.2039263,Northeast,,,
49709,Atlanta Field Office,Atlanta,MI,45.032586,-84.1616268,Midwest,,,
55084,Ranger Station,Taylors Falls,MN,45.3937294,-92.6689071,Midwest,,,
65536,Bennett Spring State Park Office,Lebanon,MO,37.7260692,-92.8577106,Midwest,,,
28761,Lake James State Park,Nebo,NC,35.7507978,-81.8778875,Southeast,,,
03745,Saint-Gaudens National Historical Park Visitor Center,Cornish,NH,43.5007224,-72.3675736,Northeast,Sullivan County,,
07653,Ranger Station,Paramus,NJ,40.9197128,-74.0826307,Mid-Atlantic,Bergen County,,
88310,Lincoln National Forest,Alamogordo,NM,32.9341858,-105.9745628,Southwest,,,
12874,Narrow Island Ranger Station,Silver Bay,NY,43.6458644,-73.5068843,Mid-Atlantic,,,
02070,Ranger Station,Columbus,OH,40.0758931,-82.8817583,Midwest,Franklin County,,
73655,Quartz Mountain Park Office,Lone Wolf,OK,34.882619,-99.3069749,South Central,,,
97007,Cooper Mountain Nature Center,Beaverton,OR,45.4524929,-122.8712298,West,,,
18616,Park Office,Forksville,PA,41.4716251,-76.5813589,Mid-Atlantic,,,
29817,Ranger Station,Blackville,SC,33.3311957,-81.3042175,Southeast,,,
67237,Ranger Station,Norden Township,SD,44.7141957,-96.4789897,Midwest,Deuel County,,
37215,Walter Criley Visitor Center/ Park Office,Oak Hill,TN,36.0630716,-86.8096892,Southeast,Davidson County,,
78636,Pedernales Falls State Park Headquarters,Johnson City,TX,30.3080375,-98.2576432,South Central,,,
84523,Forest Service,Ferron,UT,39.0880242,-111.1352723,Mountain,Emery County,,
23603,Visitors Center,Newport News,VA,37.1799434,-76.5516735,Mid-Atlantic,,,
05751,Park Office,Killington,VT,43.6761687,-72.8112493,Northeast,Rutland County,,
98358,Park Office,Nordland,WA,48.0949456,-122.6953434,West,,,
54850,Big Bay State Park Office,La Pointe,WI,46.7881671,-90.6734992,Midwest,,,
26187,Ohio River Islands National Wildlife Refuge Visitors Center and Headquarters,Williamstown,WV,39.3911025,-81.4205606,Mid-Atlantic,,,
36613,Ranger Station,Prichard,AL,30.778633,-88.1070635,Southeast,Mobile County,,
72756,Hobbs State Park Visitor's Center,Rogers,AR,36.2849505,-93.9388063,South Central,,,
85743,Red Hills Visitor Center (Saguaro West),Tucson,AZ,32.2543638,-111.1972897,Southwest,,,
90012,Gateway to Nature,Los Angeles,CA,34.0561055,-118.239048,West,,,
81147,Pagosa Ranger District,Pagosa Springs,CO,37.269094,-107.0048496,Mountain,,,
33194,Shark Valley Everglades Entrance Station,Miami,FL,25.7578401,-80.7664307,Southeast,,,
30907,Reed Creek Wetland Interpretive Center,Forest Creek,GA,33.5382149,-82.0833776,Southeast,Columbia County,,
83851,Rick Brown Memorial Visitor Center,Plummer,ID,47.3539486,-116.7723469,Mountain,,,
46017,District 4 Conservation Officers Headquarters,Anderson,IN,40.0920496,-85.6265016,Midwest,Madison County,,
21561,Deep Creek Lake State Park Camping Office,Swanton,MD,39.5121856,-79.2989125,Mid-Atlantic,,,
04693,Schoodic Woods Campground,Winter Harbor,ME,44.380297,-68.0663869,Northeast,,,
49689,Cadillac/Manistee Ranger Station,Norman Township,MI,44.2203717,-85.9385466,Midwest,Manistee County,,
55604,Gunflint Ranger Station,Grand Marais,MN,47.7486304,-90.3661711,Midwest,,,
63072,Robertsville State Park Offices,Robertsville,MO,38.4223633,-90.8165903,Midwest,,,
28771,Twenty Mile Quarters And Ranger Station,Robbinsville,NC,35.4669107,-83.877788,Southeast,,,
03229,Ranger Station,Hopkinton,NH,43.1896404,-71.7461473,Northeast,Merrimack County,,
08318,Parvin State Park Main Office,Pittsgrove,NJ,39.5104064,-75.1328147,Mid-Atlantic,,,
87515,Canjilon Ranger Station,Canjilon,NM,36.4815803,-106.4404277,Southwest,,,
12814,Ranger Station,Bolton Landing,NY,43.4846744,-73.6537541,Mid-Atlantic,,,
44136,Ranger Station,Strongsville,OH,41.3405983,-81.8433851,Midwest,Cuyahoga County,,
97049,Zigzag Ranger Station,Rhododendron,OR,45.3429173,-121.9417952,West,,,
18426,Park Office,Greentown,PA,41.2991119,-75.2140135,Mid-Atlantic,,,
54042,Ranger Station,Herman Township,SD,43.9928941,-97.1604272,Midwest,Lake County,,
37040,Dunbar Cave State Park Visitors Center,Clarksville,TN,36.5503133,-87.3057176,Southeast,Montgomery County,,
77950,Claude F. Lard Visitor Center,Austwell,TX,28.3078771,-96.8043793,South Central,,,
84036,Kamas Ranger Station,Kamas,UT,40.6428518,-111.2796539,Mountain,Summit County,,
23603,Ranger Station,Newport News,VA,37.1798809,-76.5458221,Mid-Atlantic,,,
05043,Ranger Station,Thetford,VT,43.7919239,-72.2577007,Northeast,,,
98862,Methow Valley Ranger Station,Winthrop,WA,48.478945,-120.1892776,West,,,
53574,Park Office,New Glarus,WI,42.787117,-89.6297296,Midwest,,,
72450,Crowley's Ridge State Park Visitors Center,Paragould,AR,36.0442285,-90.6662205,South Central,,,
85545,Roosevelt Lake Visitor's Center,Roosevelt,AZ,33.6707524,-111.1330947,Southwest,,,
95223,Calaveras Ranger Station,Hathaway Pines,CA,38.1877498,-120.3675995,West,,,
81506,Grand Valley District Office,Grand Junction,CO,39.1152584,-108.5380612,Mountain,,,
32459,Ranger Station,Santa Rosa Beach,FL,30.3711778,-86.2739439,Southeast,,,
31707,Check Station,Leary,GA,31.5007037,-84.4494056,Southeast,Calhoun County,,
83856,Priest Lake Ranger Station,Priest River,ID,48.5745523,-116.9567629,Mountain,,,
47591,Visitor Center,Vincennes,IN,38.6781559,-87.5356088,Midwest,Knox County,,
21660,Adkins Arboretum Visitors Center,Ridgely,MD,38.9530501,-75.9341299,Mid-Atlantic,,,
04645,Isle Au Haut Ranger Station,Isle Au Haut,ME,44.0693504,-68.6414416,Northeast,,,
49601,Huron-Manistee National Forest Supervisor's Office,Cadillac,MI,44.2326535,-85.3956499,Midwest,Wexford County,,
55037,St Croix State Park Office,Crosby Township,MN,45.946251,-92.6065867,Midwest,Pine County,,
63664,"Potosi Ranger Station, Mark Twain National Forest",Potosi,MO,37.9415347,-90.7958366,Midwest,,,
28768,Pisgah District Ranger Station,Pisgah Forest,NC,35.2848133,-82.7269716,Southeast,,,
08064,Brendan T Byrne State Forest Park Office,New Lisbon,NJ,39.8951134,-74.5751954,Mid-Atlantic,,,
87413,Chaco Culture Park Headquarters and Information Center,Bloomfield,NM,36.0302894,-107.9105698,Southwest,,,
14625,Ellison Park Office,Rochester,NY,43.1468644,-77.5183626,Mid-Atlantic,,,
43119,Darby Creek Metro Park Nature Center,Galloway,OH,39.912615,-83.2177684,Midwest,,,
97021,Dufur Ranger Station,Dufur,OR,45.4568578,-121.1247714,West,,,
16866,Park Office,Philipsburg,PA,40.9121898,-78.0566983,Mid-Atlantic,,,
57012,Ranger Station,Greenland Township,SD,43.5917807,-97.1697301,Midwest,McCook County,,
37743,Nolichucky/Unaka Ranger Station,Greeneville,TN,36.0873519,-82.8723338,Southeast,Greene County,,
75249,Ranger Station,Cedar Hill,TX,32.6217556,-96.9791253,South Central,Dallas County,,
84639,Yuba Store and Visitor Center,Levan,UT,39.3767506,-112.0279156,Mountain,,,
23188,Visitors Office,James City County,VA,37.4146363,-76.7135615,Mid-Atlantic,James City County,,
05671,Park Office,Waterbury,VT,44.3898226,-72.7673733,Northeast,Washington County,,
98350,Mora Ranger Station,Mora,WA,47.9181293,-124.6032967,West,Clallam County,,
54024,St Croix National Scenic Riverway Visitor Center,St. Croix Falls,WI,45.4162309,-92.6467893,Midwest,,,
85119,Lost Dutchman State Park,Apache Junction,AZ,33.4628062,-111.4812079,Southwest,,,
95389,Ranger Station,Yosemite National park,CA,37.7404673,-119.5648677,West,,,
81428,Paonia Ranger District Office,Paonia,CO,38.8704765,-107.5877536,Mountain,,,
33928,Koreshan State Historic Park Entrance Station,Estero,FL,26.4326657,-81.81539,Southeast,,,
46225,Ranger Station at Nobel Place,Indianapolis,IN,39.7526642,-86.1541265,Midwest,,,
21641,Tuckahoe State Park Office,Ridgely,MD,38.9458228,-75.9352763,Mid-Atlantic,Caroline County,,
04765,Baxter State Park: Matagamon Gate,Patten,ME,46.1549283,-68.8055751,Northeast,,,
49685,Traverse City Customer Service Center,Traverse City,MI,44.6552128,-85.6569309,Midwest,,,
56001,Park Headquarters,South Bend Township,MN,44.1477328,-94.0951835,Midwest,Blue Earth County,,
64659,Ranger Station,Meadville,MO,39.7012324,-93.3053282,Midwest,,,
27214,The Lodge,Browns Summit,NC,36.2508862,-79.7565053,Southeast,,,
07701,Ranger Station,Red Bank,NJ,40.3486063,-74.0836183,Mid-Atlantic,,,
87552,Santa Fe National Forest Pecos Ranger Station,Pecos,NM,35.5719796,-105.6758917,Southwest,,,
14580,Webster Park Office,Webster,NY,43.2586546,-77.4470894,Mid-Atlantic,,,
44139,Ranger Office;Management Center,Bentleyville,OH,41.4097907,-81.4224312,Midwest,Cuyahoga County,,
97701,Deschutes National Forest Headquarters,Bend,OR,44.0915524,-121.2611261,West,Deschutes County,,
15860,Park Office,Sigel,PA,41.3227967,-79.0767731,Mid-Atlantic,,,
57005,Ranger Station,Split Rock Township,SD,43.5730305,-96.5944016,Midwest,Minnehaha County,,
76557,Mother Neff State Park Headquarters,Moody,TX,31.3343037,-97.4677957,South Central,,,
23432,Ranger Station,Suffolk,VA,36.8437426,-76.5627333,Mid-Atlantic,,,
05491,Ranger Station,Addison,VT,44.0537839,-73.4130219,Northeast,,,
98051,Kanaskat-Palmer State Park Ranger Station,Ravensdale,WA,47.313363,-121.9006625,West,,,
54814,Wisconsin Department of Natural Resources Bayfield Station,Bayfield,WI,46.8086214,-90.8188643,Midwest,,,
85142,San Tan Mountain Regional Park,Queen Creek,AZ,33.168038,-111.6353839,Southwest,,,
92110,State Park Ranger Headquarters,San Diego,CA,32.7530406,-117.1999009,West,,,
81611,Aspen - Sopris Ranger District Office,Aspen,CO,39.182431,-106.8553551,Mountain,,,
34761,Ranger Station,Winter Garden,FL,28.5824792,-81.567869,Southeast,Orange County,,
21104,Ranger Station,Prospect Hills,MD,39.358923,-76.889536,Mid-Atlantic,Carroll County,,
04925,Maine Forest Service,Caratunk,ME,45.2374411,-69.9957854,Northeast,Somerset County,,
49333,Yankee Springs Field Office,Middleville,MI,42.6593071,-85.4714007,Midwest,,,
55731,Kawishiwi Ranger Station,Ely,MN,47.906903,-91.8303927,Midwest,,,
28390,Carvers Creek State Park Rangers Station,Spring Lake,NC,35.2023892,-78.976104,Southeast,,,
07728,Ranger Residence,Freehold Township,NJ,40.1880178,-74.3088757,Mid-Atlantic,,,
88220,Visitor Center,Carlsbad,NM,32.1754277,-104.444205,Southwest,,,
12943,AMR Warden's Office,Town of Keene,NY,44.1498711,-73.781621,Mid-Atlantic,Essex County,,
45387,John Bryan State Park Campground Office,Miami Township,OH,39.7891803,-83.865455,Midwest,Greene County,,
97041,Hood River Ranger Station,Parkdale,OR,45.5339094,-121.5694457,West,,,
16217,Park Office,Cooksburg,PA,41.3326096,-79.2080099,Mid-Atlantic,,,
57108,Ranger Station,Springdale Township,SD,43.4424018,-96.6103486,Midwest,Lincoln County,,
79847,Dog Canyon Ranger Station,Salt Flat,TX,31.9962603,-104.8333984,South Central,,,
23451,Visitor Center / Park Office,Virginia Beach,VA,36.9181956,-76.053844,Mid-Atlantic,,,
05458,Grand Isle State Park Ranger Station,Grand Isle,VT,44.6869249,-73.2915104,Northeast,Grand Isle County,,
98650,Mt Adams Ranger Station,Trout Lake,WA,45.9998358,-121.5419036,West,,,
53138,Park Rangers,Town of Brighton,WI,42.6352247,-88.1274599,Midwest,Kenosha County,,
86304,Ranger Station,Prescott,AZ,34.5752093,-112.4958041,Southwest,Yavapai County,,
95127,Alum Rock Park Ranger Office,San Jose,CA,37.3958127,-121.8017274,West,,,
81415,Crawford State Park Visitor's Center,Crawford,CO,38.6874173,-107.5951667,Mountain,,,
34731,Ranger Station,Fruitland Park,FL,28.8574543,-81.9022295,Southeast,Lake County,,
21629,Ranger Station,Denton,MD,38.865334,-75.8367237,Mid-Atlantic,Caroline County,,
48661,West Branch Field Office,West Branch,MI,44.346357,-84.2256813,Midwest,,,
55084,Minnesota Interstate State Park Visitor Center,Taylors Falls,MN,45.3999936,-92.6511665,Midwest,,,
27027,Park Office,Mayodan,NC,36.4397259,-79.9471724,Southeast,Rockingham County,,
87059,Sandia District Ranger Station,Tijeras,NM,35.074043,-106.3840246,Southwest,,,
13078,Park Office,Jamesville,NY,42.9936563,-76.0920382,Mid-Atlantic,,,
45801,Ranger Station,Lima,OH,40.7511176,-84.0625193,Midwest,,,
97122,Hebo Ranger Station,Hebo,OR,45.2269348,-123.8585099,West,Tillamook County,,
17324,Ranger Station,Gardners,PA,40.0329622,-77.304478,Mid-Atlantic,,,
57367,Ranger Station,White Swan Township,SD,43.0830478,-98.5502727,Midwest,Charles Mix County,,
78368,Headquarterss,Mathis,TX,28.0630988,-97.8722054,South Central,,,
23451,First Landing State Park,Virginia Beach,VA,36.918753,-76.0518816,Mid-Atlantic,,,
05672,Smuggler's Notch State Park Office,Stowe,VT,44.5209799,-72.7741459,Northeast,,,
98828,Colockum Wildlife Area Headquarters,Malaga,WA,47.2635062,-120.1023784,West,,,
54639,Kickapoo Valley Reserve,LA Farge,WI,43.5957075,-90.6275498,Midwest,,,
85346,La Posa North LTVA Check-in Station,Quartzsite,AZ,33.6514944,-114.2164324,Southwest,La Paz County,,
95070,Sanborn County Park,Saratoga,CA,37.234013,-122.064174,West,,,
80005,Ranger Station,Westminster,CO,39.8760483,-105.1292035,Mountain,Jefferson County,,
33431,Boca Raton Park Ranger,Boca Raton,FL,26.3853737,-80.0677673,Southeast,,,
21629,Ranger Station,Williston,MD,38.82392,-75.8370372,Mid-Atlantic,Caroline County,,
49965,Twin Lakes Field Office,Toivola,MI,46.8856551,-88.8646457,Midwest,,,
56685,Ranger Station,Waskish / Wawaskishi,MN,48.1705877,-94.5117765,Midwest,Beltrami County,,
28640,Wagoner Contact Station,Wagoner,NC,36.415804,-81.3871908,Southeast,Ashe County,,
87410,Aztec Ruins Headquarters,Aztec,NM,36.8345313,-108.0009183,Southwest,San Juan County,,
12814,DEC Ranger Station,Bolton Landing,NY,43.5731521,-73.6008315,Mid-Atlantic,,,
45440,Narrows Reserve Nature Center,Beavercreek Township,OH,39.6912601,-84.0299983,Midwest,Greene County,,
97447,Diamond Lake Ranger Station,Idleyld Park,OR,43.2614709,-122.4138916,West,,,
17222,Park Office,Fayetteville,PA,39.9087184,-77.4782656,Mid-Atlantic,,,
76067,Lake Mineral Wells State Park Headquarters,Mineral Wells,TX,32.8126309,-98.0433337,South Central,Parker County,,
23451,Ranger Station,Virginia Beach,VA,36.9161615,-76.0404664,Mid-Atlantic,,,
05490,Park Office,Underhill,VT,44.5288706,-72.8429827,Northeast,,,
98532,Ranger Station,Chehalis,WA,46.6251507,-122.7779618,West,,,
54501,Chequamegon-Nicolet National Forest Headquarters,Rhinelander,WI,45.6330974,-89.4446924,Midwest,,,
85920,"Alpine Ranger District, Apache-Sitgreaves N. F.",Alpine,AZ,33.8490285,-109.1471988,Southwest,,,
96501,Ranger Station,Loybas Hill,CA,39.9120549,-122.0877463,West,Tehama County,,
80005,Ranger Station,Westminster,CO,39.8771758,-105.1284236,Mountain,Jefferson County,,
33462,Ranger Station,Boynton Beach,FL,26.6015053,-80.0799772,Southeast,Palm Beach County,,
21919,Ranger Station,Earleville,MD,39.3950313,-76.037003,Mid-Atlantic,Cecil County,,
49887,Stephenson Field Office,Stephenson,MI,45.4213435,-87.6002872,Midwest,,,
55304,Bunker Hills Activity Center,Andover,MN,45.2170637,-93.2774776,Midwest,Anoka County,,
28734,Nantahala Ranger District Office,Oak Hill,NC,35.1693918,-83.4068888,Southeast,Macon County,,
87749,NM State Forestry Office,Cimarron,NM,36.5648234,-105.0776116,Southwest,Colfax County,,
10518,Park Entry Booth,Town of Lewisboro,NY,41.2582861,-73.6020709,Mid-Atlantic,Westchester County,,
44471,Park Office,Struthers,OH,41.0543163,-80.58988,Midwest,Mahoning County,,
97759,Sisters Ranger Station,Sisters,OR,44.2917635,-121.5545012,West,,,
18414,Park Office/ Forest District 11,North Abington Township,PA,41.5591685,-75.705501,Mid-Atlantic,Lackawanna County,,
75173,Ranger Station,Wylie,TX,33.0417993,-96.4437154,South Central,Collin County,,
22844,Massanutten Visitor Center,New Market,VA,38.6425517,-78.6117127,Mid-Atlantic,,,
98619,Conboy Lake National Wildlife Refuge Headquarters & Visitor Center,Glenwood,WA,45.9649629,-121.3434632,West,,,
54527,Chequamegon-Nicolet National Forest Great Divide Ranger District,Glidden,WI,46.1442099,-90.5897478,Midwest,,,
93664,Ranger Station,Shaver Lake,CA,37.1116602,-119.3124327,West,Fresno County,,
80816,Florissant Fossil Beds National Monument Visitor Center,Florissant,CO,38.9136418,-105.2855666,Mountain,,,
32072,Osceola Ranger Station,Olustee,FL,30.2024171,-82.4419465,Southeast,,,
48658,Standish Field Office,Standish,MI,43.9896052,-83.9599283,Midwest,,,
56636,Deer River Ranger Station,Deer River,MN,47.3474484,-93.7957105,Midwest,Itasca County,,
27703,Ranger Residence,Durham,NC,36.0024335,-78.7261196,Southeast,,,
87025,Valles Caldera Visitor Center,Jemez Springs,NM,35.8567326,-106.491219,Southwest,,,
14305,DeVeaux Woods State Park Office,City of Niagara Falls,NY,43.1192031,-79.0598188,Mid-Atlantic,Niagara County,,
43015,Delaware State Park Campground,Delaware,OH,40.3970316,-83.0637181,Midwest,,,
97731,Chemult Ranger Station,Chemult,OR,43.226289,-121.788805,West,,,
18337,North Contact Station,Milford,PA,41.3091182,-74.8069626,Mid-Atlantic,,,
75098,Ranger Station,Wylie,TX,33.0373388,-96.5147201,South Central,Collin County,,
23443,Ranger Station,Kiptopeke,VA,37.172573,-75.976781,Mid-Atlantic,Northampton County,,
98325,Staff Residence,Chimacum,WA,48.0174539,-122.8043601,West,,,
54873,Barnes Ranger Stgation - Wisconsin DNR,Barnes,WI,46.3447235,-91.5436108,Midwest,,,
95543,Ranger Station,Gasquet,CA,41.8452654,-123.9663631,West,,,
80517,Beaver Meadows Visitors Center,Estes Park,CO,40.3662015,-105.5609007,Mountain,,,
49883,Seney Field Office,Seney Township,MI,46.3451064,-85.9574422,Midwest,Schoolcraft County,,
55613,Tofte Ranger Station,Tofte Township,MN,47.56819,-90.8499503,Midwest,Cook County,,
87577,Tres Piedras Ranger Station,Tres Piedras,NM,36.65119,-105.97374,Southwest,,,
14065,Ranger Shop,Town of Freedom,NY,42.4656739,-78.340036,Mid-Atlantic,Cattaraugus County,,
97116,Fernhill Wetlands Visitor Center,Forest Grove,OR,45.5095705,-123.0902353,West,Washington County,,
16640,Ranger Station,White Township,PA,40.6729618,-78.5650106,Mid-Atlantic,Cambria County,,
